strategy,ann_return,ann_vol,sharpe,max_drawdown,turnover_mean,turnover_p95,dr_mean,db_mean,active_rate,failure_rate
CtB-only,0.028601628423581493,0.04587229114683599,0.6235055565903268,-0.10309522515703151,0.08681989135027048,0.21964806169160772,0.04079960136048041,0.0012651133173999006,0.0,0.0
CtR-only,0.037357195002099,0.05985721396143992,0.6241051417154921,-0.12770814710047373,0.04427535911783008,0.109970824729178,3.070697017941551e-06,0.045930368808514435,0.0,0.0
EW,0.06918927780952333,0.08675726278548487,0.7975041580161425,-0.15671797608222215,0.01694915254237288,0.0,0.01840415775424698,0.2190935918777552,0.0,0.0
GMV,0.018859695691411993,0.02568061460831941,0.7343942494780583,-0.07390901307970066,0.07365929186579395,0.275971031697957,0.30174177117422146,0.23801039713569583,0.0,0.0
MDP,0.029421978905775026,0.04654349363036381,0.6321394594792701,-0.10366802132043651,0.09149178512344203,0.22226710008505995,0.04014915410680907,0.001501978726044282,0.0,0.0
Main,0.03392543327221631,0.05568374274456411,0.6092520294090349,-0.12333727432016772,0.05636968683374759,0.14872145339714296,0.002392197249364628,0.02269437657766952,0.9830508474576272,0.0
