strategy,ann_return,ann_vol,sharpe,max_drawdown,turnover_mean,turnover_p95,dr_mean,db_mean,active_rate,failure_rate
CtB-only,0.05271959635332557,0.030067481159145166,1.7533758838754825,-0.0251077694499251,0.08817967874019615,0.22342076925439944,0.03569532493999706,0.0023269356706173173,0.0,0.0
CtR-only,0.05474439984129731,0.03972745515459973,1.3779991602346289,-0.04459479854237969,0.05265776368744521,0.1119520007391025,3.834018992193431e-07,0.04094742361315275,0.0,0.0
EW,0.07823854456967472,0.08126792161222365,0.9627235816734203,-0.10760575578958775,0.02127659574468085,0.0,0.03277348926272728,0.43755919152470135,0.0,0.0
GMV,0.03478599387749082,0.01616212765361228,2.15231525347568,-0.010126550902415543,0.08792356844459841,0.3738872055672802,0.20836525833425884,0.20842976745764247,0.0,0.0
MDP,0.05487752956110725,0.030024383677030444,1.827765397332376,-0.02343485376079435,0.0880453553593203,0.23268369030446417,0.038257944082310216,0.002970150426494678,0.0,0.0
Main,0.05049581737983955,0.03694979940636777,1.3666059949201594,-0.04191855748246842,0.06409384828104442,0.16368778709978463,0.0015847577799200001,0.022090970700210585,1.0,0.0
