strategy,ann_return,ann_vol,sharpe,max_drawdown,turnover_mean,turnover_p95,dr_mean,db_mean,active_rate,failure_rate
CtB-only,0.052622473360928845,0.030010489666522054,1.7534693350782409,-0.025074015933783,0.08356650255286593,0.21889230870724924,0.035692613654894165,0.002333229861263256,0.0,0.0
CtR-only,0.05478629307811844,0.03971645041822648,1.3794357879720334,-0.044511035063517834,0.05134363836396026,0.09530424950511594,2.9057868223349232e-06,0.041040536410032157,0.0,0.0
EW,0.07823854456967472,0.08126792161222365,0.9627235816734203,-0.10760575578958775,0.02127659574468085,0.0,0.03277348926272728,0.43755919152470135,0.0,0.0
GMV,0.03478599387749082,0.01616212765361228,2.15231525347568,-0.010126550902415543,0.08792356844459841,0.3738872055672802,0.20836525833425884,0.20842976745764247,0.0,0.0
MDP,0.05487752956110725,0.030024383677030444,1.827765397332376,-0.02343485376079435,0.0880453553593203,0.23268369030446417,0.038257944082310216,0.002970150426494678,0.0,0.0
Main,0.0495314547706831,0.03519694239271806,1.4072658419593496,-0.03896122060954532,0.06640431545634477,0.16742359108525565,0.0038819849785005976,0.015045829751669883,1.0,0.0
