strategy,ann_return,ann_vol,sharpe,max_drawdown,turnover_mean,turnover_p95,dr_mean,db_mean,active_rate,failure_rate
CtB-only,0.0,0.0,,0.0,1.0,1.0,6.31388589845147e-08,2.886218835231624e-08,0.0,0.0
CtR-only,0.0,0.0,,0.0,1.0,1.0,1.3240924987496978e-08,6.052070173187615e-09,0.0,0.0
EW,0.0,0.0,,0.0,1.0,1.0,0.0060740744323967396,0.00279937791601866,0.0,0.0
GMV,0.0,0.0,,0.0,1.0,1.0,0.10093534097104041,0.045608588374829236,0.0,0.0
MDP,0.0,0.0,,0.0,1.0,1.0,1.1865526491183063e-08,5.423385954311977e-09,0.0,0.0
Main,0.0,0.0,,0.0,1.0,1.0,1.3240924987496978e-08,6.052070173187615e-09,0.0,0.0
