strategy,ann_return,ann_vol,sharpe,max_drawdown,turnover_mean,turnover_p95,dr_mean,db_mean,active_rate,failure_rate
CtB-only,0.052694582758177066,0.03005010404327149,1.7535574147196968,-0.025094247086627663,0.08676808213907632,0.22160785711423078,0.035691256115671206,0.002327983399609599,0.0,0.0
CtR-only,0.05475601620883386,0.0397234456541325,1.3784306800972965,-0.044570100264028634,0.052270833189025166,0.10704968536692773,7.666603944469432e-07,0.04096883052664697,0.0,0.0
EW,0.07823854456967472,0.08126792161222365,0.9627235816734203,-0.10760575578958775,0.02127659574468085,0.0,0.03277348926272728,0.43755919152470135,0.0,0.0
GMV,0.03478599387749082,0.01616212765361228,2.15231525347568,-0.010126550902415543,0.08792356844459841,0.3738872055672802,0.20836525833425884,0.20842976745764247,0.0,0.0
MDP,0.05487752956110725,0.030024383677030444,1.827765397332376,-0.02343485376079435,0.0880453553593203,0.23268369030446417,0.038257944082310216,0.002970150426494678,0.0,0.0
Main,0.04953506406005159,0.03520527018964547,1.4070354748937783,-0.03898236947752276,0.06728097874197761,0.17299906383093117,0.003882617303108285,0.015042409544865255,1.0,0.0
