strategy,ann_return,ann_vol,sharpe,max_drawdown,turnover_mean,turnover_p95,dr_mean,db_mean,active_rate,failure_rate
CtB-only,0.05273813072260247,0.030090663577242077,1.7526410006620439,-0.025141105040101586,0.08983276728653951,0.22780534310767991,0.03569788571741373,0.0023261442289882004,0.0,0.0
CtR-only,0.054732134435546476,0.03973261242593992,1.3775115979993788,-0.04462279246371326,0.05306366196571061,0.11727988541562702,2.322654866816097e-07,0.04092773998961503,0.0,0.0
EW,0.07823854456967472,0.08126792161222365,0.9627235816734203,-0.10760575578958775,0.02127659574468085,0.0,0.03277348926272728,0.43755919152470135,0.0,0.0
GMV,0.03478599387749082,0.01616212765361228,2.15231525347568,-0.010126550902415543,0.08792356844459841,0.3738872055672802,0.20836525833425884,0.20842976745764247,0.0,0.0
MDP,0.05487752956110725,0.030024383677030444,1.827765397332376,-0.02343485376079435,0.0880453553593203,0.23268369030446417,0.038257944082310216,0.002970150426494678,0.0,0.0
Main,0.049537474289578,0.03521055931787303,1.4068925699919959,-0.038995969731760005,0.06790235907252848,0.17702120175816244,0.003883639561866314,0.015040340094861906,1.0,0.0
